<?xml version="1.0" encoding="UTF-8" ?>
<Module>
  <ModulePrefs title="SF Search2" author="thomas.schnocklake@gmail.com" height="385">
    <Require feature="setprefs"/>
  </ModulePrefs>
  <UserPref name="Username" display_name="SF Username" datatype="string"/>
  <UserPref name="Password" display_name="SF Password" datatype="string"/>  
  <UserPref name="Loginurl" display_name="SF Login URL" datatype="string"/>
  <UserPref name="c2c_url" display_name="C2C URL" datatype="string"/>
  <UserPref name="c2c_from" display_name="C2C From" datatype="string"/>
  <UserPref name="c2c_suffix" display_name="C2C Suffix" datatype="string"/>
  <UserPref name="c2c_user" display_name="C2C User" datatype="string"/>
  <UserPref name="c2c_pw" display_name="C2C Password" datatype="string"/>
  <UserPref name="callTriggerUrl" display_name="callTriggerUrl" datatype="callTriggerUrl"/>
  
  <UserPref name="ShowTypeColumn" display_name="Show Type Column" datatype="string"/>
  <UserPref name="type_list" display_name="Type Query List" datatype="list" />    
<Content type="html">
<![CDATA[        
 
<html> 
<head>
<title>Paging Grid Example</title>
 
<script type="text/javascript" src="https://raw.github.com/tsschnoc/gapps_script_shared/master/ext/adapter/ext/ext-base.js"></script>
<script type="text/javascript" src="https://raw.github.com/tsschnoc/gapps_script_shared/master/ext/ext-all.js"></script>
<link rel="stylesheet" type="text/css" href="https://raw.github.com/tsschnoc/gapps_script_shared/master/ext/resources/css/ext-all.css" />
<link rel="stylesheet" type="text/css" href="https://raw.github.com/tsschnoc/gapps_script_shared/master/ext/examples/grid/grid-examples.css" />
<link rel="stylesheet" type="text/css" href="https://raw.github.com/tsschnoc/gapps_script_shared/master/ext/examples/shared/examples.css" />
 
 
 
 
<style type="text/css">
.gridd
{
position:absolute;
left:0px;
top:00px;
background-color:#b0e0e6;
}
 
</style>
 
</head>
<body>
<script type="text/javascript" src="https://raw.github.com/tsschnoc/gapps_script_shared/master/ext/examples/shared/examples.js"></script>
 
<div class="gridd" id="topic-grid"></div>
 
<script type="text/javascript" src="https://raw.github.com/tsschnoc/gapps_script_shared/master/SF_Search/SF_Search.js"></script>

 
 
 
 
 
 
 
 
</body>
</html>     
  ]]> </Content> </Module> 
