<?xml version="1.0" encoding="UTF-8"?>
<Module>
  <ModulePrefs title="SFInfo"
    description="Look up Accounts, Contacts, Opps in Salesforce and attach the email by 'Drag and Drop' to them"
    height="20"
    author="Thomas"
    author_email="..."
    author_location="Zuhause">

    <OAuth>
      <Service name="google">
        <Access url="https://www.google.com/accounts/OAuthGetAccessToken" method="GET" />
        <Request url="https://www.google.com/accounts/OAuthGetRequestToken?scope=https://spreadsheets.google.com/feeds" method="GET" />
        <Authorization url="https://www.google.com/accounts/OAuthAuthorizeToken?oauth_callback=http://oauth.gmodules.com/gadgets/oauthcallback" />
      </Service>
    </OAuth>
    
    <!-- Declare feature dependencies. -->

    <!-- This one is not specific to Gmail contextual gadgets. -->
    <Require feature="dynamic-height"/>
    <Require feature="locked-domain"/>
    <!-- The next feature, Caja, is optional, and is supported for
     use only within test domains. Uncomment the tag only for
     non-production gadgets. -->
    <!-- <Require feature="caja"/> -->

    <!-- The next feature, google.contentmatch, is required for all
     Gmail contextual gadgets.
     <Param> - specify one or more comma-separated extractor IDs in
     a param named "extractors". This line is overridden by the extractor ID
     in the manifest, but is still expected to be present. -->
    <Require feature="google.contentmatch">
      <Param name="extractors">
        google.com:HelloWorld
      </Param>
    </Require>
    <Require feature="setprefs"/>
    <Require feature="minimessage"/>

  </ModulePrefs>
  <UserPref name="Username" display_name="SF Username" datatype="string"/>
  <UserPref name="Password" display_name="SF Password" datatype="string"/>  
  <UserPref name="Loginurl" display_name="SF Login URL" datatype="string"/>
  <UserPref name="sheeturl" display_name="sheeturl" datatype="string"/>



  <!-- Define the content type and display location. The settings
   "html" and "card" are required for all Gmail contextual gadgets. -->
  <Content type="html" view="card">
    <![CDATA[

<style type="text/css"> 
  .draggable { width: 50px; height: 20px; padding: 0.5em; float: left; margin: 10px 10px 10px 0; }
  .droppable { width: 1000px; height: 30px; padding: 0.5em; float: left; margin: 10px; }
  .phone { display: inline; background: lightgray; margin-left: 10px;}
    
  .ui-widget-header { border: 1px solid #E78F08;background: #F6A828; color: white; font-weight: bold; }
      
  .ui-widget-content { border: 1px solid #DDD; background: #EEE ;color: #333;}    
  .ui-state-active, .ui-widget-content .ui-state-active { border: 1px solid #fbd850; background: #ffffff; font-weight: bold; color: #eb8f00; outline: none; }

  .invisible { display: none; }
  
  

.ui-autocomplete {
    max-height: 150px;
    overflow-y: auto;
		/* prevent horizontal scrollbar */
		overflow-x: hidden;
		/* add padding to account for vertical scrollbar */
		padding-right: 20px;
width: 500px ! important;
font-size: 12px;
}  


.ui-button-disabled {
  color: gray ! important;
  cursor: default;
}
.ui-button {
  color: black;

background-attachment: scroll;
background-clip: border-box;
/*background-color: transparent;*/
background-color: darkGray;
background-image: none;
background-origin: padding-box;
border-bottom-color: #1C94C4;
border-bottom-style: none;
border-bottom-width: 0px;
border-collapse: separate;
border-left-color: #1C94C4;
border-left-style: none;
border-left-width: 0px;
border-right-color: #1C94C4;
border-right-style: none;
border-right-width: 0px;
border-top-color: #1C94C4;
border-top-style: none;
border-top-width: 0px;
box-sizing: content-box;
/*color: #1C94C4; */
cursor: pointer;
display: block;
font-family: 'Trebuchet MS', Tahoma, Verdana, Arial, sans-serif;
font-size: 11px;
font-style: normal;
font-variant: normal;
font-weight: bold;
height: 15px;
letter-spacing: normal;
line-height: 15px;
margin-bottom: 0px;
margin-left: 0px;
margin-right: 0px;
margin-top: 0px;
min-height: 0px;
outline-color: #1C94C4;
outline-style: none;
outline-width: 0px;
overflow-x: visible;
overflow-y: visible;
padding-bottom: 4px;
padding-left: 11px;
padding-right: 11px;
padding-top: 4px;
position: static;
text-align: center;
text-decoration: none;
text-indent: 0px;
text-shadow: none;
text-transform: none;
width: 94px;
word-spacing: 0px;
zoom: 1;
}
  
  
  
</style>

<div class="ui-widget" id="openbuttondiv">
  <button id="openbutton">Open Attacher</button>
</div>

<!--
<div class="demo">

  
<div class="draggable ui-widget-content">
	eMail
</div>
</div>
-->


<div class="demo">



<div class="ui-widget">
  <label for="contactsearch">Search Contact: </label>
  <input id="contactsearch" />
  <div id="contactDetail" style="display: inline; "></div>
  <input id="contactid" type="hidden">
</div>

<div class="ui-widget">
  <label for="Opp">Opportunity: </label>
  <select id="Opp" name="Opp" class="Opp">
  </select>
</div>

<div class="ui-widget">
  <button id="attachbutton">Attach</button>
</div>

</div><!-- End demo -->


<div class="credentials">
    SF-Username:<input type=text maxlength=50 name="username" id="username" style="width:100px;"> 
    PasswordToken<input type=text maxlength=70 name="password" id="password" style="width:100px;"> 
    <input type=button id="GoBtn" value=" Login " name=" Login "> 
</div>


 <script src="https://gadget-doc-examples.googlecode.com/svn/trunk/opensocial-gadgets/popup.js"></script>


<!--oauth    -->

  <div id="main" style="display: none">
  </div>

  <div id="approval" style="display: none">
    <img src="https://gadget-doc-examples.googlecode.com/svn/trunk/images/new.gif">
    <a href="#" id="personalize">Personalize this gadget</a>
  </div>

  <div id="waiting" style="display: none">
    Please click
    <a href="#" id="approvaldone">I've approved access</a>
    once you've approved access to your data.
  </div>


          
    <script type="text/javascript" src="https://www.google.com/jsapi"></script>

    <script type="text/javascript" src="https://raw.github.com/tsschnoc/gapps_script_shared/master/SFInfo/SFInfo.js"></script>    
    
    ]]>
  </Content>
</Module>