{"ts":1339770674876,"silentsave":true,"restoring":false,"patch":[[{"diffs":[[1,"<?xml version=\"1.0\" encoding=\"UTF-8\" ?>\n<Module>\n  <ModulePrefs title=\"Search\" author=\"thomas.schnocklake@gmail.com\" height=\"200\">\n    <Require feature=\"setprefs\"/>\n    <Require feature=\"dynamic-height\"/>\n    <Require feature=\"locked-domain\"/>\n  </ModulePrefs>\n<Content type=\"html\">\n<![CDATA[        \n \n<head>\n  <title>Pusher Test</title>\n<!--  for jqueryui -->  \n<!--<link rel=\"stylesheet\" href=\"http://jqueryui.com/themes/base/jquery.ui.all.css\"> -->\n  <script type=\"text/javascript\" src=\"https://www.google.com/jsapi\"></script>\n  \n  <script src=\"https://cdnjs.cloudflare.com/ajax/libs/jquery/1.7.2/jquery.min.js\"></script>\n  <script src=\"https://cdnjs.cloudflare.com/ajax/libs/jqueryui/1.8.19/jquery-ui.min.js\"></script>\n  <script src=\"https://cdnjs.cloudflare.com/ajax/libs/json2/20110223/json2.js\"></script>\n  <script src=\"https://cdnjs.cloudflare.com/ajax/libs/underscore.js/1.3.3/underscore-min.js\"></script>\n  <script src=\"https://cdnjs.cloudflare.com/ajax/libs/backbone.js/0.9.2/backbone-min.js\"></script>\n  \n  <link rel=\"stylesheet\" href=\"https://raw.github.com/tsschnoc/gapps_script_shared/master/pusher/demos/demos.css\">\n  <link rel=\"stylesheet\" href=\"https://ajax.googleapis.com/ajax/libs/jqueryui/1.8/themes/ui-lightness/jquery-ui.css\"/>\n\n  <script type=\"text/javascript\" src=\"https://raw.github.com/tsschnoc/gapps_script_shared/master/pusher/qtip/jquery.qtip.min.js\"></script>\n  <link rel=\"stylesheet\" href=\"https://raw.github.com/tsschnoc/gapps_script_shared/master/pusher/qtip/jquery.qtip.min.css\">\n\n  <script type=\"text/javascript\" src=\"https://raw.github.com/tsschnoc/gapps_script_shared/master/pusher/pushergadget.js\"></script>\n\n\n<!--  \n  <script type=\"text/javascript\" src=\"https://ajax.googleapis.com/ajax/libs/jquery/1.7.1/jquery.min.js\"></script>\n  <script type=\"text/javascript\" src=\"https://ajax.googleapis.com/ajax/libs/jqueryui/1.8.16/jquery-ui.min.js\"></script>\n-->\n<!--\n  <script src=\"http://jqueryui.com/jquery-1.7.2.js\"></script>\n  <script src=\"http://jqueryui.com/ui/jquery.ui.core.js\"></script>\n\t<script src=\"http://jqueryui.com/ui/jquery.ui.widget.js\"></script>\n\t<script src=\"http://jqueryui.com/ui/jquery.ui.position.js\"></script>\n\t<script src=\"http://jqueryui.com/ui/jquery.ui.autocomplete.js\"></script>\n\t<link rel=\"stylesheet\" href=\"http://jqueryui.com/demos/demos.css\">\n-->  \n\n\n<style>\n  #itemDetail ul {\n    padding-left: 10px;\n  }\n  .ui-menu .ui-menu-item {\n    max-width: 130px;\n  }\n\n  .ui-autocomplete {\n\t\tmax-height: 130px;\n\t\toverflow-y: auto;\n\t\t/* prevent horizontal scrollbar */\n\t\toverflow-x: hidden;\n\t\t/* add padding to account for vertical scrollbar */\n\t\tpadding-right: 0px;\n\t}\n\t/* IE 6 doesn't support max-height\n\t * we use height instead, but this forces the menu to always be this tall\n\t */\n\t* html .ui-autocomplete {\n\t\theight: 100px;\n\t}\n\t  \n</style>\n\n</head>  \n\n\n<body>\n  <div class=\"ui-widget\">\n    <div id='ny' tip='hi tip'>no Calls</div>\n  \t<input id=\"searchfield\" class=\"ui-autocomplete-input\" autocomplete=\"off\" role=\"textbox\" aria-autocomplete=\"list\" aria-haspopup=\"true\" style=\"width: 130px;\">\n    <div id='itemDetail'></div>\n    <iframe id=\"callToFrame\" style=\"display: none;\" width=\"5\" height=\"5\"></iframe> \n  </div>  \n  \n  \n  \n  <script type=\"text/template\" id=\"ResultItemListView-template\">\n    <% if (type == \"SF\") { %>  \n      <img border=\"0\" src=\"https://www.salesforce.com/favicon.ico\" alt=\"google contact\" width=\"10\" height=\"10\">\n    <% } %>\n    <% if (type == \"Google\") { %>  \n      <img border=\"0\" src=\"https://ssl.gstatic.com/gb/images/silhouette_48.png\" alt=\"google contact\" width=\"10\" height=\"10\">\n    <% } %>\n    <%= label %>\n    <div style=\"font-size: 70%; \">\n      <% if (type == \"SF\" && sfObject != null && sfObject.Account != null && sfObject.Account.Name != null) { %>\n        <%= sfObject.Account.Name %>\n      <% } %>\n    </div>\n  </script>\n  \n  <script type=\"text/template\" id=\"ResultItemDetailView-template\">\n    <span class=\"title\" url=\"<%= contactUrl %>\"><%= label %><% if (type == \"SF\" && sfObject != null && sfObject.Account != null && sfObject.Account.Name != null) { %>(<%= sfObject.Account.Name %>)<% } %></span>\n    <div style=\"font-size: 70%; \">\n      <ul>\n        <% if (type == \"SF\") { %>  \n          \n          <li><%= sfObject.attributes.type %></li>\n          \n          \n          \n          <% _.each(sfObject, function(value, key) { %> \n            <% if (((key.indexOf(\"Telefon\")>=0) || (key.indexOf(\"Phone\")>=0)) && (value!=null)) { %>  \n              <li class=\"phoneNumber\" number=\"<%= value %>\">\n                <%= value %> <span>(<%= key %>)</span>\n              </li> \n            <% } %>\n          <% }); %>\n          \n          <% _.each(sfObject, function(value, key) { %> \n            <% if (((key.indexOf(\"Email\")>=0) || (key.indexOf(\"EMAIL\")>=0)) && (value!=null)) { %>  \n              <li class=\"mailAddress\" address=\"<%= value %>\">\n                <%= value %> <span>(<%= key %>)</span>\n              </li> \n            <% } %>\n          <% }); %>\n          \n          \n          \n          <% if (sfObject.attributes.type == \"Zugangsdaten__c\") { %>      \n            <li><%= sfObject.Typ__c %></li>\n            <li><%= sfObject.Name %></li>\n            <li><%= sfObject.Password__c %></li>\n            <li><%= sfObject.Token__c %></li>\n  \n            <% if (sfObject.Typ__c == \"Salesforce Live\" || sfObject.Typ__c == \"Salesforce Developer\") { %>  \n              <li>\n                <img border=\"0\" src=\"http://cdn1.iconfinder.com/data/icons/Futurosoft%20Icons%200.5.2/22x22/apps/kwalletmanager.png\" alt=\"google contact\" width=\"10\" height=\"10\">\n                <a href=\"https://login.salesforce.com?un=<%= escape(sfObject.Name) %>&pw=<%= escape(sfObject.Password__c) %>\" target=\"_blank\">\">login</a>                \n              </li>\n            <% } %>\n            <% if (sfObject.Typ__c == \"Salesforce Sandbox\" || sfObject.Typ__c == \"Salesforce Trial\") { %>  \n              <li>\n                <img border=\"0\" src=\"http://cdn1.iconfinder.com/data/icons/Futurosoft%20Icons%200.5.2/22x22/apps/kwalletmanager.png\" alt=\"google contact\" width=\"10\" height=\"10\">\n                <a href=\"https://test.salesforce.com?un=<%= escape(sfObject.Name) %>&pw=<%= escape(sfObject.Password__c) %>\" target=\"_blank\">login</a>              \n              </li>\n            <% } %>\n            <li><a href=\"javascript:void(0)\" onclick=\"createMetadataSpreadsheet();\">createMetadataSpreadsheet</a></li>\n                      \n          <% } %>\n          \n        <% } %>\n  \n        <% if (type == \"Google\") { %>  \n          <li><%= googleObject.title.$t %></li>          \n          \n          <% _.each(googleObject.gd$phoneNumber, function(phone) { %> \n            <li class=\"phoneNumber\" number=\"<%= phone.$t %>\">\n              <%= phone.$t %>\n            </li> \n          <% }); %>\n          \n          <% _.each(googleObject.gd$email, function(mail) { %> \n            <li class=\"mailAddress\" address=\"<%= mail.address %>\">\n              <%= mail.address %>            \n            </li> \n          <% }); %>\n  \n        <% } %>\n      </ul>\n    </div>\n  </script>\n  \n  <script type=\"text/template\" id=\"nix-template\">        \n    \n    <% if (done) { %>\n      <a id=\"clear-completed\">Clear <%= done %> completed <%= done == 1 ? 'item' : 'items' %></a>\n    <% } %>\n    \n    <div class=\"todo-count\"><b><%= remaining %></b> <%= remaining == 1 ? 'item' : 'items' %> left</div>\n  </script>\n  \n</body>\n\n\n]]> </Content> </Module> "]],"start1":0,"start2":0,"length1":0,"length2":7421}]],"length":7421}
