<?xml version="1.0" encoding="UTF-8" ?>
<Module>
  <ModulePrefs title="OAuth Contacts" scrolling="false"  height="200" width="70">
    <Require feature="locked-domain"/>
    <OAuth>
      <Service name="google">
        <Access url="https://www.google.com/accounts/OAuthGetAccessToken" method="GET" />
        <Request url="https://www.google.com/accounts/OAuthGetRequestToken?scope=http://www.google.com/m8/feeds/%20https://www.google.com/calendar/feeds/" method="GET" />
        <Authorization url="https://www.google.com/accounts/OAuthAuthorizeToken?oauth_callback=http://oauth.gmodules.com/gadgets/oauthcallback" />
      </Service>
    </OAuth>
    <UserPref name="refresh_token" display_name="refresh_token" datatype="string"/>    
  </ModulePrefs>
  <Content type="html">
  <![CDATA[

  <!-- shindig oauth popup handling code -->
  <script src="http://gadget-doc-examples.googlecode.com/svn/trunk/opensocial-gadgets/popup.js"></script>


        
        <link rel="stylesheet" href="https://ajax.googleapis.com/ajax/libs/jqueryui/1.8.16/themes/base/jquery-ui.css" type="text/css" media="all">
        
        <link rel="stylesheet" href="https://static.jquery.com/ui/css/demo-docs-theme/ui.theme.css" type="text/css" media="all">
        <link rel="stylesheet" href="https://jqueryui.com/themeroller/css/parseTheme.css.php?ffDefault=Trebuchet+MS,+Tahoma,+Verdana,+Arial,+sans-serif&fwDefault=bold&fsDefault=1.1em&cornerRadius=4px&bgColorHeader=f6a828&bgTextureHeader=12_gloss_wave.png&bgImgOpacityHeader=35&borderColorHeader=e78f08&fcHeader=ffffff&iconColorHeader=ffffff&bgColorContent=eeeeee&bgTextureContent=03_highlight_soft.png&bgImgOpacityContent=100&borderColorContent=dddddd&fcContent=333333&iconColorContent=222222&bgColorDefault=f6f6f6&bgTextureDefault=02_glass.png&bgImgOpacityDefault=100&borderColorDefault=cccccc&fcDefault=1c94c4&iconColorDefault=ef8c08&bgColorHover=fdf5ce&bgTextureHover=02_glass.png&bgImgOpacityHover=100&borderColorHover=fbcb09&fcHover=c77405&iconColorHover=ef8c08&bgColorActive=ffffff&bgTextureActive=02_glass.png&bgImgOpacityActive=65&borderColorActive=fbd850&fcActive=eb8f00&iconColorActive=ef8c08&bgColorHighlight=ffe45c&bgTextureHighlight=03_highlight_soft.png&bgImgOpacityHighlight=75&borderColorHighlight=fed22f&fcHighlight=363636&iconColorHighlight=228ef1&bgColorError=b81900&bgTextureError=08_diagonals_thick.png&bgImgOpacityError=18&borderColorError=cd0a0a&fcError=ffffff&iconColorError=ffd27a&bgColorOverlay=666666&bgTextureOverlay=08_diagonals_thick.png&bgImgOpacityOverlay=20&opacityOverlay=50&bgColorShadow=000000&bgTextureShadow=01_flat.png&bgImgOpacityShadow=10&opacityShadow=20&thicknessShadow=5px&offsetTopShadow=-5px&offsetLeftShadow=-5px&cornerRadiusShadow=5px" type="text/css" media="all">
        <link rel="stylesheet" href="https://ajax.googleapis.com/ajax/libs/jqueryui/1.8.16/themes/base/jquery-ui.css" type="text/css" media="all">
        <link rel="stylesheet" href="https://jqueryui.com/css/base.css" type="text/css" media="all">

  <style>
    #main {
      margin: 0px;
      padding: 0px;
      font-size: small;
    }
    #main {
      font-size: 10px;
    }

    #main ul, #mail ol {
      list-style: none;
      margin: 0;
      padding: 0;
    }
    .XXXXui-menu-item a {
      color: red ! important;
      font-size: small;
    }
    .invisible { display: none; }
          


    .ui-autocomplete {
        max-height: 100px;
      	overflow-y: auto;
    		/* prevent horizontal scrollbar */
    		overflow-x: hidden;
    		/* add padding to account for vertical scrollbar */
    		padding-right: 20px;
        width: 150px ! important;
        font-size: 8px;
    }
    
    body {
      background: white;
    }



          
    .ui-autocomplete-loading { background: white url('images/ui-anim_basic_16x16.gif') right center no-repeat; }
    
    #search { width: 25em; }          
          
            
  </style>

  <div id="main" style="display: none">
    hier gibts was zu sehen
    <div class="ui-widget">
      <label for="search">search: </label>
      <input id="search" />	
    </div>    
  </div>


  <div id="approval" style="display: none">
    <a href="#" id="personalize">Approve access</a>
  </div>
  
  <div id="waiting" style="display: none">
    <a href="#" id="approvalLink">I've approved access</a>
  </div>
  
  <!-- An errors section is not necessary but great to have -->
  <div id="errors" style="display: none"></div>
   
  <!-- Also not necessary, but great for informing users -->     
  <div id="loading" style="display: none">
    <h3>Loading...</h3>
    <p><img src="https://gdata-samples.googlecode.com/svn/trunk/gadgets/blogger/ajax-loader.gif"></p>
  </div>
  
  


  <script type="text/javascript" src="https://www.google.com/jsapi"></script>
  <script type="text/javascript" src="https://raw.github.com/tsschnoc/gapps_script_shared/master/SF_Search2/SF_Search2.js"></script>
  
  
  
  ]]>
  </Content>
</Module>